title,start,end,location,url,description,uid,category,series_id,label,weak_label
Ribbon Cutting - White Cap Street Cafe,2025-10-01T14:00:00+00:00,2025-10-01T15:00:00+00:00,"White Cap Street Cafe 5601 Ayllon Ave Pensacola, FL",https://business.perdidochamber.com/events/details/ribbon-cutting-white-cap-street-cafe-39458,"Join the Perdido Key Area Chamber of Commerce as we celebrate the Ribbon Cutting Celebration for White Cap Street Cafe! Join in the celebration on October 1st at 9:00AM located at 5601 Ayllon Ave! 



White Cap Street Cafe is an all-day breakfast eatery that also features lunch after 10:30AM. Fresh pastries, green chile breakfast burritos, breakfast sammies, and homemade conecuh and sausage gravy over biscuits. A little nook tucked back away from traffic under Cyprus trees on the corner of Ayllon Street.",e.2644.39458,,e.2644.39458,1.0,1.0
Team Trivia at Lillian's Pizza,2025-10-02T00:00:00+00:00,2025-10-02T02:00:00+00:00,"Lillian's Pizza 14514 Perdido Key Drive, Pensacola 32507 850-492-0131",https://business.perdidochamber.com/events/details/team-trivia-at-lillian-s-pizza-10-01-2025-39385,"Think you have what it takes to be crowned the trivia master? Join us for Team Trivia every Wednesday at Lillian's Pizza! It's FREE to play, and there are great prizes for the top 3 winning teams. Come early, grab dinner or drinks, and enjoy a fun evening with friends. We start at 7 PM see you there!",e.2644.39385,,e.2644.39385,1.0,1.0
PKACC Executive Committee Meeting,2025-10-02T13:00:00+00:00,2025-10-02T14:00:00+00:00,"The Perdido Key Area Chamber of Commerce Conference Room. 15500 Perdido Key Drive Pensacola, FL 32507",https://business.perdidochamber.com/events/details/pkacc-finance-committee-meeting-10-02-2025-11036,"The Executive committee meets monthly to discuss the financials and any important topics of consideration for the Chamber of Commerce. 





This meeting is not open to the public. If you you would like to bring any topic of concern to the Chamber Board of Directors, it must be submitted in writing for the Executive Committee to review before the monthly Board Meetings.",e.2644.11036,,e.2644.11036,0.0,0.0
"Florida SBDC at UWF Presents ""Launching a Home-Based Childcare Business""",2025-10-02T16:00:00+00:00,2025-10-02T18:30:00+00:00,"Early Learning Coalition of Escambia County 1720 W Fairfield Dr Suite 400 Pensacola, FL 32501",https://business.perdidochamber.com/events/details/florida-sbdc-at-uwf-presents-launching-a-home-based-childcare-business-10-02-2025-39464,"Compassion, entrepreneurship, and addressing a critical need. Register for this insightful workshop to learn how to run a successful at-home childcare business in the area.

 

To help meet the demand for childcare services in Northwest Florida, address the current economic climate, and assist entrepreneurs, we're offering this special workshop in 2025. We'll cover in-home childcare business start-up steps and best practices, including popular methods, legalities, finances, profitability, and how to receive continued help.

 

After attending this start-up workshop, you'll have access to a Florida SBDC Business Consultant to assist you at no cost and confidentially as you fine-tune your business plan and move toward your at-home childcare small business goals!

 

Lunch will be provided.",e.2644.39464,,e.2644.39464,0.0,1.0
Throwback Family Game Night,2025-10-02T23:00:00+00:00,2025-10-03T01:00:00+00:00,1350 S. Blue Angel Parkway,https://business.perdidochamber.com/events/details/throwback-family-game-night-10-02-2025-39414,"?? Grab your crew and travel back in time with us at Green Line Arms for our first Retro Game Night. A family-friendly event filled with old-school gaming, pixelated memories, and community fun! ?? One lane will be open for our Virtual Shooting Range, while the other lanes will host: Classic Nintendo 64 games Your favorite PlayStation throwbacks Modern fun on the Xbox Our new First Thursday tradition is a casual way to hang out, unwind, and get the whole family out of the house. ?? Time: 6:00 8:00 PM ?? Where:1350 S. Blue Angel Parkway ?? Cost: Free to attend ?? Snacks + drinks available for purchase",e.2644.39414,,e.2644.39414,1.0,1.0
Music Bingo at Perdido Key Sports Bar,2025-10-03T00:00:00+00:00,2025-10-03T02:00:00+00:00,Perdido Key Sports Bar & Restaurant,https://business.perdidochamber.com/events/details/music-bingo-at-perdido-key-sports-bar-10-02-2025-39342,"Kick off your weekend early with Music Bingo by Team Trivia every Thursday at Perdido Key Sports Bar! We'll be spinning hits from the 60s to the 2000s covering all your favorite genres. It's FREE to play, and we've got prizes for every winner! Come early, grab some dinner or drinks, and enjoy a fun night of music and good vibes. We start at 7 PM see you there!",e.2644.39342,,e.2644.39342,1.0,1.0
Holes Fore Hope,2025-10-03T13:00:00+00:00,2025-10-03T18:00:00+00:00,"Osceola Golf course 300 Tonawanda Dr, Pensacola, FL 32506",https://business.perdidochamber.com/events/details/holes-fore-hope-10-03-2025-39090,"Holes Fore Hope is a four person scramble where each player has a chance to advance their team to the winners' circle. Mulligans are available for purchase at the beginning of the tournament, and contests for other prizes are set throughout the course. Competitions include longest drive, the closest putt, and don't forget our famous ball drop!

The tournament also includes a 50/50 raffle, basket raffles and more, in which all participants and guests are welcome to participate. All proceeds from this tournament go to helping support the programs and services of The Centre For Excellence of Pensacola. 



As a non-profit organization, The Centre for Excellence of Pensacola relies on monthly donors, government and private grants, as well as our annual fundraisers for the resources we need to impact lives in our community. Holes Fore Hope is the Centre's Annual Charity Golf Tournament that helps support the Centre's programs and services throughout the entirety of the following year, including: A.W.A.R.E. Initiative, Community Table, Hand Up Practical Skills Classes, andJamie's Mom's House.",e.2644.39090,,e.2644.39090,1.0,1.0
Luna's Oktoberfest,2025-10-05T18:00:00+00:00,2025-10-05T22:00:00+00:00,"25689 Canal Rd Suite B, Orange Beach, AL 36561",https://business.perdidochamber.com/events/details/luna-s-oktoberfest-39415,"Join us for our 9th Oktoberfest on Sunday, October 5th from 1:00 to 5:00 p.m. Enjoy great German food, modern polka music by The Brats, Stein hoisting, games, and tons of Oktoberfest-style beers and german wines. Tickets are $15 per person. It will include your 1st beer or wine, a glass, a Luna's koozie, and entertainment. Ages 21 and up need to purchase an admission ticket. Beer, wine, and food tickets will be available for purchase separately. We are also partnering with the Makos Arts, Academics, Athletic Club (MAAAC).",e.2644.39415,,e.2644.39415,1.0,1.0
"Perdido Key Restaurant Week ""Eat Like a Local""",2025-10-06,2025-10-13,Different local Perdido area restaurants! Check back as we continue to add more restaurants to the list!,https://business.perdidochamber.com/events/details/perdido-key-restaurant-week-eat-like-a-local-39463,"It's time to celebrate our local dining scene! Restaurant Week is your chance to get out, support the incredible restaurants in our community, and maybe even discover a new favorite. All week long, participating restaurants will be offering specials and unique dishes just for you. Grab your friends, make a reservation, and enjoy the flavors our local chefs have to offer   let's make this a week full of delicious memories!



Participating Restaurant Specials!",e.2644.39463,,e.2644.39463,1.0,1.0
Music Bingo at Lillian's Pizza,2025-10-07T00:00:00+00:00,2025-10-07T02:00:00+00:00,"Lillian's Pizza 14514 Perdido Key Drive, Pensacola 32507 850-492-0131",https://business.perdidochamber.com/events/details/music-bingo-at-lillian-s-pizza-10-06-2025-39364,"Kick off your weekend early with Music Bingo by Team Trivia every Monday at Lillian's Pizza! We'll be spinning hits from the 60s to the 2000s covering all your favorite genres. It's FREE to play, and we've got prizes for every winner! Come early, grab some dinner or drinks, and enjoy a fun night of music and good vibes. We start at 7 PM see you there!",e.2644.39364,,e.2644.39364,1.0,1.0
Team Trivia at Perdido Key Sports Bar,2025-10-08T00:00:00+00:00,2025-10-08T02:00:00+00:00,"Perdido Key Sports Bar & Restaurant 13583 Perdido Key Drive, Pensacola 32507",https://business.perdidochamber.com/events/details/team-trivia-at-perdido-key-sports-bar-10-07-2025-39122,"Think you have what it takes to be crowned the trivia master? Join us for Team Trivia every Tuesday at Perdido Key Sports Bar! It's FREE to play, and there are great prizes for the top 3 winning teams. Come early, grab dinner or drinks, and enjoy a fun evening with friends. We start at 7 PM see you there!",e.2644.39122,,e.2644.39122,1.0,1.0
25/26 Leadership Perdido Key - Class 2 Tourism,2025-10-08T14:00:00+00:00,2025-10-08T21:00:00+00:00,"Session Schedule Regular sessions are scheduled from 9:00 a.m. to 4:00 p.m. They will be held in different locations based on the class session topic. 2025 Opening Reception - August 21 Local Government - September 10 Tourism - October 8 Environment - November 12 Military - December 10 2026 Education & Healthcare January 14 Graduation/Annual Dinner January 20 Class project - TBD While we try to keep sessions consistent, sessions are subject to change depending on unforeseen planning conflicts.",https://business.perdidochamber.com/events/details/25-26-leadership-perdido-key-class-2-tourism-39001,"Leaders are not born; they are developed. We must ensure the success of our community by cultivating talented individuals who will emerge and lead us into the future. There is no better training ground for our future leaders than Leadership Perdido Key (LPK). The keys to the future of Northwest Florida are knowledgeable and skilled leaders who have an awareness and understanding of all facets of our community, including local government, business, tourism/hospitality, environment, military, and more.



Leadership Perdido Key is a comprehensive leadership development program designed to empower individuals with the skills, knowledge, and networking needed to become effective leaders in their communities. 

Participants in Leadership Perdido Key will come from diverse backgrounds and industries, reflecting the community's rich tapestry of talent and expertise. Through a series of workshops, seminars, and experiential learning activities, participants have the opportunity to deepen their understanding of Perdido Key area and hone their leadership capabilities.

The program will feature guest speakers who are prominent leaders in various fields, providing valuable insights.  Additionally, participants may engage in hands-on projects and community initiatives aimed at making a positive impact in Perdido Key and surrounding areas.

Overall, Leadership Perdido Key aims to cultivate a new generation of leaders who are equipped to address the challenges and opportunities facing their communities, fostering a culture of collaboration, innovation, and service.



Click here to download information & application packet

Application deadline is August 1, 2025



Sponsorship information



 
The Perdido Key Area Chamber of Commerce extends its congratulations to the following individuals selected for the 2025-26 Leadership Perdido Key class:


	Alicia Popper, Pensacola Habitat for Humanity
	Amanda Long, Pointe South
	Cheyenne Sherbundy, Alexander Hines Construction, LLC
	Cinnamon Swift, Pirates of Lost Treasure & Secret Santa
	Clay Hines, Alexander Hines Construction, LLC
	Clayton Wissmann, CoastEase
	Juli Meyer, Flora-Bama
	Kaila Parker, Reliance Mortgage
	Karla Boyd, Holiday Harbor Marina
	Katy Novak, Perdido Realty Vacations
	Kendall Loper
	Lauren Brown, Perdido Key Area Chamber of Commerce
	Ronald Rivera, Escambia County Sheriff's Office
	Sadie O'Gara, Lost Key Group- Levin Rinke Realty
	Steve Stroberger, Escambia County D1 County Commissioner
	Tony Tampary, Escambia County Sheriff's Office",e.2644.39001,,e.2644.39001,0.0,0.0
Perdido Rotary Club,2025-10-08T17:00:00+00:00,2025-10-08T18:00:00+00:00,"Perdido Key Chamber of Commerce/Fire Station Community Room, 15500 Perdido Key Drive",https://business.perdidochamber.com/events/details/perdido-rotary-club-39080,"Rotary Club meeting, speaker TBD",e.2644.39080,,e.2644.39080,0.0,
"Florida SBDC at UWF Presents ""Starting a Business""",2025-10-08T18:00:00+00:00,2025-10-08T21:00:00+00:00,"Gulf Breeze Area Chamber of Commerce 3044 Gulf Breeze Parkway, Gulf Breeze, Florida 32563",https://business.perdidochamber.com/events/details/florida-sbdc-at-uwf-presents-starting-a-business-10-08-2025-39446,"So you've got that business idea. You may not know the first steps, or you may want some guidance on if you're taking the right steps. Let's work with the ideas that have been forming in your head and see if we can make them into a tangible, feasible small business. In this three-hour workshop, we'll take a deep dive into the following aspects of setting up a successful business:

 


	Is there a need for your product or service?
	Can you make money at it?
	Are you the right person to bring this to market?
	Is this business compatible with your personal goals?
	What rules, laws, and licensing apply to your business?
	What are funding options for your business?
	What about marketing strategies, legal structures, and taxation?
	What are your available resources?


Also, after attending this workshop you'll have access to a Florida SBDC Business Consultant to assist you at no cost as you create your business plan and move toward your goals!

 

*UWF students and employees may attend SBDC workshops at no cost. Contact us at 850-474-2528 to register with your Nautilus Card number.

 

Please note: No refund credit without 48-hour notice. Contact us at sbdc@uwf.edu or 850-474-2528 with questions.

 

Brought to you in part by Wells Fargo.",e.2644.39446,,e.2644.39446,0.0,0.0
Team Trivia at Lillian's Pizza,2025-10-09T00:00:00+00:00,2025-10-09T02:00:00+00:00,"Lillian's Pizza 14514 Perdido Key Drive, Pensacola 32507 850-492-0131",https://business.perdidochamber.com/events/details/team-trivia-at-lillian-s-pizza-10-08-2025-39386,"Think you have what it takes to be crowned the trivia master? Join us for Team Trivia every Wednesday at Lillian's Pizza! It's FREE to play, and there are great prizes for the top 3 winning teams. Come early, grab dinner or drinks, and enjoy a fun evening with friends. We start at 7 PM see you there!",e.2644.39386,,e.2644.39386,1.0,1.0
Perdido Chamber: Board of Directors Monthly Meeting,2025-10-09T13:00:00+00:00,2025-10-09T14:00:00+00:00,"The Perdido Key Area Chamber of Commerce Conference Room 15500 Perdido Key Drive Pensacola, FL 32507",https://business.perdidochamber.com/events/details/pkacc-board-meeting-10-09-2025-15428,"This meeting is not open to the public. If you would like to bring any topic of concern to the Chamber Board of Directors, it must be submitted in writing before the monthly Board Meetings. 



Board members are recognized as community leaders and should take an active leadership role in the chamber, serving on one of the committees.  The Nomination Period for the Perdido Chamber Board of Directors begins in August of Each year. If you would like to nominate someone or yourself for the upcoming Board term, please Tammy at the Chamber.",e.2644.15428,,e.2644.15428,0.0,0.0
2025 Perdido Palooza Community Party,2025-10-09T22:00:00+00:00,2025-10-10T02:00:00+00:00,"Warrior Beer Company 10605 Sorrento Rd, Pensacola, FL 32507",https://business.perdidochamber.com/events/details/2025-perdido-palooza-warrior-beer-company-10-09-2025-38804,"Perdido Palooza is a vibrant monthly community party that brings people together in a fun, festive atmosphere! Hosted by the Perdido Key Area Chamber of Commerce and Warrior Beer Company, this event is designed to celebrate the spirit and charm of the Perdido community! Held from May through October, each month features live performances from talented musicians, craft beer, local food trucks, and a strong focus on supporting the community through partnerships with local businesses and artisans.

 

What to Expect at Perdido Palooza:

  Enjoy live music

   Shop & visit with local vendors and businesses 

  Savor craft beer brewed on-site by Warrior Beer Company

  Connect with friends, neighbors, and the community while supporting local talent and our local businesses.

 

When: The second Thursday of every month, from May through October.



Interested in being a part of the event? Check out the sponsorship information and the vendor information here!

 

Celebrate local, enjoy the best of Perdido Key, and join us at Perdido Palooza for an unforgettable experience. Let's raise a glass to community, music, food, and fun!

 
 



All sales are final and non-refundable. The Perdido Key Area Chamber of Commerce will not be responsible for reselling your booth space if you are unable to attend.



By attending this event, you consent to photography, video recording, and its/their release, publication, or reproduction to be used by the Perdido Key Area Chamber of Commerce for promotional purposes, including on social media, websites, and other marketing materials.",e.2644.38804,,e.2644.38804,0.0,0.0
Music Bingo at Perdido Key Sports Bar,2025-10-10T00:00:00+00:00,2025-10-10T02:00:00+00:00,Perdido Key Sports Bar & Restaurant,https://business.perdidochamber.com/events/details/music-bingo-at-perdido-key-sports-bar-10-09-2025-39343,"Kick off your weekend early with Music Bingo by Team Trivia every Thursday at Perdido Key Sports Bar! We'll be spinning hits from the 60s to the 2000s covering all your favorite genres. It's FREE to play, and we've got prizes for every winner! Come early, grab some dinner or drinks, and enjoy a fun night of music and good vibes. We start at 7 PM see you there!",e.2644.39343,,e.2644.39343,1.0,1.0
"October Spill the Beans, Community Conversations 2025",2025-10-10T12:30:00+00:00,2025-10-10T14:00:00+00:00,"Hub Stacey's at the Point 5851 Galvez Road Pensacola, FL 32507",https://business.perdidochamber.com/events/details/october-spill-the-beans-community-conversations-2025-38344,"The Perdido Key Area Chamber of Commerce presents Spill the Beans, Community Conversations, a series designed to bring the local community together to explore topics that have a direct impact on residents and businesses in and around Perdido Key.



Each session provides an opportunity for attendees to learn about key issues and developments affecting the area, followed by a Q&A session to encourage open dialogue. 



This month's speaker is 

Cinnamon Swift, Secret Santa INC. 



Formed in 1992 in Perdido Key, the organization raises funds year-round to support families and children especially at Christmas and during times of urgent medical or housing needs. Each holiday season, they help families shop for gifts, making sure children experience the joy and excitement of Christmas morning. Beyond the holidays, they step in when hardships arise, offering vital assistance and reassurance to those facing difficult times. The spirit of giving is carried on well beyond the holiday season, bringing hope, comfort, and community support throughout the year.



Light pastries and coffee will be available for attendees, provided courtesy of our host, Hub Stacey's at The Point, while supplies last. Whether you're looking to stay informed about local issues or expand your network, Spill the Beans offers a relaxed and welcoming atmosphere to engage with community leaders and fellow business owners.",e.2644.38344,,e.2644.38344,0.0,1.0
Halloween at OWA,2025-10-11,2025-10-12,Downtown OWA,https://business.perdidochamber.com/events/details/halloween-at-owa-39472,"Find frightful fun in Downtown OWA for a Halloween season full of candy, costumes, and more! Starting October 11th, join us on Saturdays and Sundays as Downtown OWA transforms into a spooktacular destination filled with thrilling events for all ages.



From an ALL-NEW Drone Show at HalGLOWeen to four-legged fun at Howl-O-Ween, there's something new to experience each week! Kids can enjoy trick-or-treating on select dates, while families and friends can gather for events like Monster Bash and Island BOOvie Nights.



Check out all the details: https://visitowa.com/halloween-at-owa/.



Save the dates below for a Halloween celebration that will leave you screaming for more!

 

Schedule of Events

Saturday, October 11th

	2:00pm-8:00pm:
	
		Howl-o-ween | Check out the details here: https://visitowa.com/halloween-at-owa/.
		Kids Activities:
		
			Pumpkin Tic-Tac-Toe at the Splashpad
			Broom Stick Racing at the Waffles R Wild Alcove
			Witch Hat Ring Toss at the Native Treasures Alcove
		
		
	
	
	4:00pm-7:00pm: Festive Marquee Light Photo Ops throughout Downtown OWA

Sunday, October 12th


	4:00pm-7:00pm: 

	
		Kids Activities:
		
			Pumpkin Tic-Tac-Toe at the Splashpad
			Broom Stick Racing at the Waffles R Wild Alcove
			Witch Hat Ring Toss at the Native Treasures Alcove
		
		
		Festive Marquee Light Photo Ops throughout Downtown OWA
	
	
	6:00 pm: Island BOOvie Night: Halloweentown

Saturday, October 18th


	2:00pm-6:00pm: 

	
		Kids Activities:
		
			Pumpkin Tic-Tac-Toe at the Splashpad
			Broom Stick Racing at the Waffles R Wild Alcove
			Witch Hat Ring Toss at the Native Treasures Alcove
		
		
		Live DJ music at the Splashpad
	
	
	2:00pm-9:00pm: Festive Marquee Light Photo Ops throughout Downtown OWA
	6:00pm-9:00pm: HalGLOWeen & Drone Show in Downtown OWA | Check out the details here: https://visitowa.com/halgloween-drone-show/.

Sunday, October 19th


	4:00pm-7:00pm: 

	
		Kids Activities:
		
			Pumpkin Tic-Tac-Toe at the Splashpad
			Ghost Hunt at the Waffles R Wild Alcove
			Witch Hat Ring Toss at the Native Treasures Alcove
		
		
		Festive Marquee Light Photo Ops throughout Downtown OWA
	
	
	6:00 pm: Island BOOvie Night: Hocus Pocus

Saturday, October 25th | Trick-or-Treating


	11:00 am-9:00 pm: Monster Bash in Downtown OWA | Check out the details here: https://visitowa.com/monster-bash/.
	1:00pm-9:00pm: Kids Activities:
	
		DIY Trick-or-Treat Bag at the Sweet Tooth Flowerbed
		Ghost Hunt at the Waffles R Wild Alcove
		Witch Hat Ring Toss at the Native Treasures Alcove
	
	
	4:00pm-7:00pm:
	
		Free Trick-or-Treating throughout Downtown OWA | Participating businesses in Downtown OWA will be marked on their windows. **While supplies last**
		Characters Trick-or-Treat Stations throughout Downtown OWA
		Festive Marquee Light Photo Ops throughout Downtown OWA
	
	

Sunday, October 26th | Trick-or-Treating


	4:00pm-7:00pm:

	
		Free Trick-or-Treating throughout Downtown OWA | Participating businesses in Downtown OWA will be marked on their windows. **While supplies last**
		Kids Activities:
		
			DIY Trick-or-Treat Bag at the Sweet Tooth Flowerbed
			Ghost Hunt at the Waffles R Wild Alcove
			Creative Cruiser Pumpkin Decorating at the Splashpad
		
		
		Characters Trick-or-Treat Stations throughout Downtown OWA
		Festive Marquee Light Photo Ops throughout Downtown OWA
	
	
	6:00 pm: Island BOOvie Night: Double Double Toil and Trouble

Thursday, October 31st | Trick-or-Treating


	4:00pm-7:00pm:

	
		Free Trick-or-Treating throughout Downtown OWA | Participating businesses in Downtown OWA will be marked on their windows. **While supplies last**
		Kids Activities:
		
			DIY Trick-or-Treat Bag at the Sweet Tooth Flowerbed
			Ghost Hunt at the Waffles R Wild Alcove
			Witch Hat Ring Toss at the Natie Treasures Alcove
		
		
		Live DJ music at the Splashpad
		Characters Trick-or-Treat Stations throughout Downtown OWA
		Festive Marquee Light Photo Ops throughout Downtown OWA",e.2644.39472,,e.2644.39472,1.0,
Howl-o-ween,2025-10-11T19:00:00+00:00,2025-10-12T01:00:00+00:00,Downtown OWA,https://business.perdidochamber.com/events/details/howl-o-ween-39471,"Bring the whole family, two-legged and four-legged, for Howl-o-ween in Downtown OWA on October 11th! Kids can enjoy free crafts, face painting, carnival games, and festive activities, while pups get their chance to shine in the Halloween Dog Costume Contest on OWA Island. With categories like Cutest, Funniest, Spookiest, and Best Owner/Dog Duo, furry contestants can win cash prizes up to $100. Registration is just $10 in advance or $15 the day of, with all proceeds benefiting the Baldwin County Animal Shelter. After the contest, stick around for Island Movie Night featuring Scooby-Doo 2: Monsters Unleashed. It's a paw-some way to celebrate Halloween with the whole family while giving back to a great cause!



Register your pup for the Halloween Costume Contest today: https://visitowa.com/howl-o-ween/",e.2644.39471,,e.2644.39471,1.0,1.0
A Choral Society Mixtape,2025-10-12T00:30:00+00:00,2025-10-12T02:00:00+00:00,"Cokesbury Church 5725 N 9th Ave, Pensacola, FL 32504",https://business.perdidochamber.com/events/details/a-choral-society-mixtape-39461,"THE CHORAL SOCIETY of PENSACOLA: PRESENTS A Choral Society Mixtape on Saturday, October 11, 2025 at 7:30pm. Over many months, concertgoers responded via survey voting on pieces they'd like to hear us perform. We've chosen a varied program from the requests, ranging from familiar to rarely heard. The Choral Society of Pensacola invites music lovers to experience this concert, in the sanctuary of Cokesbury Church (5725 North Ninth Avenue). The concert also includes   ""One Day More"" from Les Miserables (Claude-Michel Schonberg)   the clear winner according to the polls   ""Lacrymosa"" from Requiem (Mozart)   a close runner-up and audience favorite   ""Bridge Over Troubled Water"" (Paul Simon, arr. Shaw)   ""Sure on This Shining Night"" (Morten Lauridsen)   ""Daemon Irrepit Callidus"" (Gyorgy Orban) Directing our 105-voice chorus, we are excited to welcome back two Directors-Emeritus: Xiaolun Chen and Paul McGahie alongside current Artistic Director Peter Steenblik. They are joined by pianist Isabelle Areola. Steenblik will post a preview of the program on the Choral Society's YouTube channel on Monday, September 29th. Tickets may be purchased at Purplepass.com or through the Pensacola State College Department of Performing Arts ticket office (850-484-1847). For concerns about accessibility or any other questions, email support@choralsocietyofpensacola.org.",e.2644.39461,,e.2644.39461,1.0,1.0
Halloween at OWA,2025-10-12,2025-10-13,Downtown OWA,https://business.perdidochamber.com/events/details/halloween-at-owa-10-12-2025-39473,"Find frightful fun in Downtown OWA for a Halloween season full of candy, costumes, and more! Starting October 11th, join us on Saturdays and Sundays as Downtown OWA transforms into a spooktacular destination filled with thrilling events for all ages.



From an ALL-NEW Drone Show at HalGLOWeen to four-legged fun at Howl-O-Ween, there's something new to experience each week! Kids can enjoy trick-or-treating on select dates, while families and friends can gather for events like Monster Bash and Island BOOvie Nights.



Check out all the details: https://visitowa.com/halloween-at-owa/.



Save the dates below for a Halloween celebration that will leave you screaming for more!

 

Schedule of Events

Saturday, October 11th

	2:00pm-8:00pm:
	
		Howl-o-ween | Check out the details here: https://visitowa.com/halloween-at-owa/.
		Kids Activities:
		
			Pumpkin Tic-Tac-Toe at the Splashpad
			Broom Stick Racing at the Waffles R Wild Alcove
			Witch Hat Ring Toss at the Native Treasures Alcove
		
		
	
	
	4:00pm-7:00pm: Festive Marquee Light Photo Ops throughout Downtown OWA

Sunday, October 12th


	4:00pm-7:00pm: 

	
		Kids Activities:
		
			Pumpkin Tic-Tac-Toe at the Splashpad
			Broom Stick Racing at the Waffles R Wild Alcove
			Witch Hat Ring Toss at the Native Treasures Alcove
		
		
		Festive Marquee Light Photo Ops throughout Downtown OWA
	
	
	6:00 pm: Island BOOvie Night: Halloweentown

Saturday, October 18th


	2:00pm-6:00pm: 

	
		Kids Activities:
		
			Pumpkin Tic-Tac-Toe at the Splashpad
			Broom Stick Racing at the Waffles R Wild Alcove
			Witch Hat Ring Toss at the Native Treasures Alcove
		
		
		Live DJ music at the Splashpad
	
	
	2:00pm-9:00pm: Festive Marquee Light Photo Ops throughout Downtown OWA
	6:00pm-9:00pm: HalGLOWeen & Drone Show in Downtown OWA | Check out the details here: https://visitowa.com/halgloween-drone-show/.

Sunday, October 19th


	4:00pm-7:00pm: 

	
		Kids Activities:
		
			Pumpkin Tic-Tac-Toe at the Splashpad
			Ghost Hunt at the Waffles R Wild Alcove
			Witch Hat Ring Toss at the Native Treasures Alcove
		
		
		Festive Marquee Light Photo Ops throughout Downtown OWA
	
	
	6:00 pm: Island BOOvie Night: Hocus Pocus

Saturday, October 25th | Trick-or-Treating


	11:00 am-9:00 pm: Monster Bash in Downtown OWA | Check out the details here: https://visitowa.com/monster-bash/.
	1:00pm-9:00pm: Kids Activities:
	
		DIY Trick-or-Treat Bag at the Sweet Tooth Flowerbed
		Ghost Hunt at the Waffles R Wild Alcove
		Witch Hat Ring Toss at the Native Treasures Alcove
	
	
	4:00pm-7:00pm:
	
		Free Trick-or-Treating throughout Downtown OWA | Participating businesses in Downtown OWA will be marked on their windows. **While supplies last**
		Characters Trick-or-Treat Stations throughout Downtown OWA
		Festive Marquee Light Photo Ops throughout Downtown OWA
	
	

Sunday, October 26th | Trick-or-Treating


	4:00pm-7:00pm:

	
		Free Trick-or-Treating throughout Downtown OWA | Participating businesses in Downtown OWA will be marked on their windows. **While supplies last**
		Kids Activities:
		
			DIY Trick-or-Treat Bag at the Sweet Tooth Flowerbed
			Ghost Hunt at the Waffles R Wild Alcove
			Creative Cruiser Pumpkin Decorating at the Splashpad
		
		
		Characters Trick-or-Treat Stations throughout Downtown OWA
		Festive Marquee Light Photo Ops throughout Downtown OWA
	
	
	6:00 pm: Island BOOvie Night: Double Double Toil and Trouble

Thursday, October 31st | Trick-or-Treating


	4:00pm-7:00pm:

	
		Free Trick-or-Treating throughout Downtown OWA | Participating businesses in Downtown OWA will be marked on their windows. **While supplies last**
		Kids Activities:
		
			DIY Trick-or-Treat Bag at the Sweet Tooth Flowerbed
			Ghost Hunt at the Waffles R Wild Alcove
			Witch Hat Ring Toss at the Natie Treasures Alcove
		
		
		Live DJ music at the Splashpad
		Characters Trick-or-Treat Stations throughout Downtown OWA
		Festive Marquee Light Photo Ops throughout Downtown OWA",e.2644.39473,,e.2644.39473,1.0,
Flora-Bama Annual Oktoberfest,2025-10-12T20:00:00+00:00,2025-10-12T23:00:00+00:00,"Flora-Bama Lounge Package & Oyster Bar 17401 Perdido Key Dr. Perdido Key, FL. 32507",https://business.perdidochamber.com/events/details/flora-bama-annual-oktoberfest-38847,"Sunday, October 12th



3pm to 6pm

Break out your lederhosen for the Flora-Bama's Oktoberfest! Receive a free drink upon entry for those 21 and up, 25% off in the gift shop, and complimentary German food from the buffet (while supplies last). The stein hoisting competition sponsored by Samuel Adams will begin at 3pm. Food is served at 4pm and the menu includes Beer Brats, Sauerkraut, and German Potato Salad.

We have a FREE stein to those who participate in the stein hoisting contest. Followed by live music by The Brats at 4pm in the Bama Dome. This New Orleans based polka band will have you laughing and dancing all evening!

Timeline of Events:

2pm - Registration Begins for Stein Hoisting Competition. We will only accept the first 8 females to sign up for the female heat and the first 16 males to sign up for the two male heats. 

3pm - Stein Hoisting Competition Begins

4pm - Food is served and The Brats begin",e.2644.38847,,e.2644.38847,1.0,0.0
Music Bingo at Lillian's Pizza,2025-10-14T00:00:00+00:00,2025-10-14T02:00:00+00:00,"Lillian's Pizza 14514 Perdido Key Drive, Pensacola 32507 850-492-0131",https://business.perdidochamber.com/events/details/music-bingo-at-lillian-s-pizza-10-13-2025-39365,"Kick off your weekend early with Music Bingo by Team Trivia every Monday at Lillian's Pizza! We'll be spinning hits from the 60s to the 2000s covering all your favorite genres. It's FREE to play, and we've got prizes for every winner! Come early, grab some dinner or drinks, and enjoy a fun night of music and good vibes. We start at 7 PM see you there!",e.2644.39365,,e.2644.39365,1.0,1.0
Team Trivia at Perdido Key Sports Bar,2025-10-15T00:00:00+00:00,2025-10-15T02:00:00+00:00,"Perdido Key Sports Bar & Restaurant 13583 Perdido Key Drive, Pensacola 32507",https://business.perdidochamber.com/events/details/team-trivia-at-perdido-key-sports-bar-10-14-2025-39123,"Think you have what it takes to be crowned the trivia master? Join us for Team Trivia every Tuesday at Perdido Key Sports Bar! It's FREE to play, and there are great prizes for the top 3 winning teams. Come early, grab dinner or drinks, and enjoy a fun evening with friends. We start at 7 PM see you there!",e.2644.39123,,e.2644.39123,1.0,1.0
Perdido Rotary Club,2025-10-15T12:30:00+00:00,2025-10-15T13:30:00+00:00,"The Point Church, 13801 Innerarity Point Road",https://business.perdidochamber.com/events/details/perdido-rotary-club-10-15-2025-39081,"Rotary Club meeting with speaker: Scott Keller, PhD, Dean UWF College of Business, regarding the College of Business programs and successes",e.2644.39081,,e.2644.39081,0.0,
Annual Multi-Chamber Social 2025,2025-10-15T22:00:00+00:00,2025-10-16T00:00:00+00:00,"Flora-Bama Lounge Package & Oyster Bar Main Tent 17401 Perdido Key Drive Pensacola, FL 32507",https://business.perdidochamber.com/events/details/annual-multi-chamber-social-2025-38321,"The Perdido Key Area Chamber of Commerce is thrilled to invite all the members of our local Gulf Coast chambers of commerce to our Annual Multi-Chamber Social, hosted by Flora-Bama, located in the main tent!

This exciting event is a fantastic opportunity for professionals from our chamber friends across the local Gulf Coast area to network and foster collaboration! Join us for an evening of connection, community, and business growth!



Enjoy light hors d'oeuvres, generously provided by our host, as you mingle and expand your network. Be sure to bring plenty of your business cards for networking and prize drawings door prize donations are always welcome!

We can't wait to see you there! Registration is highly encouraged to help our hosts prepare. Don't forget, drop your Chamber in the comments of your registration so we can see who is being represented!",e.2644.38321,,e.2644.38321,0.0,0.0
Team Trivia at Lillian's Pizza,2025-10-16T00:00:00+00:00,2025-10-16T02:00:00+00:00,"Lillian's Pizza 14514 Perdido Key Drive, Pensacola 32507 850-492-0131",https://business.perdidochamber.com/events/details/team-trivia-at-lillian-s-pizza-10-15-2025-39387,"Think you have what it takes to be crowned the trivia master? Join us for Team Trivia every Wednesday at Lillian's Pizza! It's FREE to play, and there are great prizes for the top 3 winning teams. Come early, grab dinner or drinks, and enjoy a fun evening with friends. We start at 7 PM see you there!",e.2644.39387,,e.2644.39387,1.0,1.0
Military Appreciation Committee Meeting,2025-10-16T14:30:00+00:00,2025-10-16T15:30:00+00:00,"Perdido Key Area Chamber of Commerce Conference Room 15500 Perdido Key Drive Pensacola, FL 32507",https://business.perdidochamber.com/events/details/military-appreciation-committee-meeting-10-09-2025-39419,"Military Appreciation Committee

Meeting: Second Thursday of every month | 9:30 10:30 a.m.



Committee Purpose:

Since 1913, the Perdido Area has proudly held the title of Cradle of Naval Aviation. Our economy, culture, and community are enriched by military members and their families. The Military Affairs Committee is dedicated to honoring that legacy by fostering inclusion, appreciation, and strong connections with those who serve, making the Perdido Area a welcoming place for military families to live, work, and play.



Primary Goals and Activities:


	Bridge the Gap: Connect military families with the local business community by sharing resources and supporting veteran entrepreneurs.
	Celebrate Military Heritage: Educate our community about the rich military history that shapes the Perdido Area.
	Honor & Support: Plan and host signature events that highlight our appreciation for service members and their families, including:
	
		Red, White, and Birdies Golf Scramble 
		Annual Rosamond Johnson Memorial Ceremony 
		Military Appreciation Luncheon 
		Star Spangled Sail   Veterans Day Boat Parade (new for 2025)
	
	
	Invest in the Future: Our committee is working toward sponsoring a local student to attend Starbase Atlantis and/or the National Flight Academy summer programs unique opportunities that inspire the next generation through STEM education and leadership development.

How to Get Involved:

Join us in making a difference! Volunteers can contact Staff Committee Chair, Madelyn Bell, to learn how to participate in meetings, help with events, and support military appreciation efforts.



  Learn more: perdidochamber.com/military-appreciation-committee",e.2644.39419,,e.2644.39419,0.0,0.0
3rd Annual Evening for the Estuaries Gala,2025-10-16T23:00:00+00:00,2025-10-17T02:00:00+00:00,"Coastal Arts Center of Orange Beach 26389 Canal Road Orange Beach, Alabama 36561 United States",https://business.perdidochamber.com/events/details/3rd-annual-evening-for-the-estuaries-gala-39417,"The Pensacola and Perdido Bays Estuary Program's third annual Evening for the Estuaries Fundraising Gala is set for October 16, 2025 from 6:00 till 9:00 at the Coastal Arts Center of Orange Beach! Join us for an evening of live music, awards, drinks, hors d'oeuvres (including oysters!), a silent auction, and giving back to the waters we call home.",e.2644.39417,,e.2644.39417,,1.0
Wine & Beer Dinner,2025-10-16T23:30:00+00:00,2025-10-17T02:00:00+00:00,Cobalt the Restaurant,https://business.perdidochamber.com/events/details/wine-beer-dinner-39480,"Come enjoy a four course seated dinner prepared by our amazing chefs in our beautiful Private Dining Room. Each meal will be paired with either a glass of wine or beer pairing. Now taking reservations for Thursday, October 16th. Limited spots available. Dinner starts at 6:30 p.m.",e.2644.39480,,e.2644.39480,,1.0
Music Bingo at Perdido Key Sports Bar,2025-10-17T00:00:00+00:00,2025-10-17T02:00:00+00:00,Perdido Key Sports Bar & Restaurant,https://business.perdidochamber.com/events/details/music-bingo-at-perdido-key-sports-bar-10-16-2025-39344,"Kick off your weekend early with Music Bingo by Team Trivia every Thursday at Perdido Key Sports Bar! We'll be spinning hits from the 60s to the 2000s covering all your favorite genres. It's FREE to play, and we've got prizes for every winner! Come early, grab some dinner or drinks, and enjoy a fun night of music and good vibes. We start at 7 PM see you there!",e.2644.39344,,e.2644.39344,1.0,1.0
Ambassadors of the Key Committee Meeting,2025-10-17T16:30:00+00:00,2025-10-17T17:30:00+00:00,Location Changes Monthly,https://business.perdidochamber.com/events/details/ambassadors-of-the-key-committee-meeting-10-17-2025-38872,"Ambassadors of the Key Committee Meeting

3rd Friday Monthly | 11:30AM | Location Changes Monthly 



Ambassador meetings are held once a month on the 3rd Friday at 11:30 AM at a different member restaurant each month. These meetings provide a great opportunity to connect, share updates, and collaborate on upcoming Chamber initiatives. Each Ambassador is responsible for the purchase of their own meal.



The Ambassadors of the Key serve as the welcoming arm of the Perdido Chamber, focusing on member recruitment, retention, and engagement. This dedicated group of business and individual members acts as the connectors within our chamber community. They work to help members get plugged in by introducing them to fellow business professionals, Chamber events, and valuable resources.



Ambassadors help create a welcoming environment for new and existing members, assist with Chamber-hosted events, and work to increase visibility and engagement. Ambassadors try to ensure that every member feels welcomed, informed, and empowered to make the most of their Chamber membership.



For more information on how to become an Ambassador of the Key, contact Madelyn Bell, Membership Engagement & Events Director at 850.492.4660 or membership@perdidochamber.com.",e.2644.38872,,e.2644.38872,0.0,0.0
Halloween at OWA,2025-10-18,2025-10-19,Downtown OWA,https://business.perdidochamber.com/events/details/halloween-at-owa-10-18-2025-39474,"Find frightful fun in Downtown OWA for a Halloween season full of candy, costumes, and more! Starting October 11th, join us on Saturdays and Sundays as Downtown OWA transforms into a spooktacular destination filled with thrilling events for all ages.



From an ALL-NEW Drone Show at HalGLOWeen to four-legged fun at Howl-O-Ween, there's something new to experience each week! Kids can enjoy trick-or-treating on select dates, while families and friends can gather for events like Monster Bash and Island BOOvie Nights.



Check out all the details: https://visitowa.com/halloween-at-owa/.



Save the dates below for a Halloween celebration that will leave you screaming for more!

 

Schedule of Events

Saturday, October 11th

	2:00pm-8:00pm:
	
		Howl-o-ween | Check out the details here: https://visitowa.com/halloween-at-owa/.
		Kids Activities:
		
			Pumpkin Tic-Tac-Toe at the Splashpad
			Broom Stick Racing at the Waffles R Wild Alcove
			Witch Hat Ring Toss at the Native Treasures Alcove
		
		
	
	
	4:00pm-7:00pm: Festive Marquee Light Photo Ops throughout Downtown OWA

Sunday, October 12th


	4:00pm-7:00pm: 

	
		Kids Activities:
		
			Pumpkin Tic-Tac-Toe at the Splashpad
			Broom Stick Racing at the Waffles R Wild Alcove
			Witch Hat Ring Toss at the Native Treasures Alcove
		
		
		Festive Marquee Light Photo Ops throughout Downtown OWA
	
	
	6:00 pm: Island BOOvie Night: Halloweentown

Saturday, October 18th


	2:00pm-6:00pm: 

	
		Kids Activities:
		
			Pumpkin Tic-Tac-Toe at the Splashpad
			Broom Stick Racing at the Waffles R Wild Alcove
			Witch Hat Ring Toss at the Native Treasures Alcove
		
		
		Live DJ music at the Splashpad
	
	
	2:00pm-9:00pm: Festive Marquee Light Photo Ops throughout Downtown OWA
	6:00pm-9:00pm: HalGLOWeen & Drone Show in Downtown OWA | Check out the details here: https://visitowa.com/halgloween-drone-show/.

Sunday, October 19th


	4:00pm-7:00pm: 

	
		Kids Activities:
		
			Pumpkin Tic-Tac-Toe at the Splashpad
			Ghost Hunt at the Waffles R Wild Alcove
			Witch Hat Ring Toss at the Native Treasures Alcove
		
		
		Festive Marquee Light Photo Ops throughout Downtown OWA
	
	
	6:00 pm: Island BOOvie Night: Hocus Pocus

Saturday, October 25th | Trick-or-Treating


	11:00 am-9:00 pm: Monster Bash in Downtown OWA | Check out the details here: https://visitowa.com/monster-bash/.
	1:00pm-9:00pm: Kids Activities:
	
		DIY Trick-or-Treat Bag at the Sweet Tooth Flowerbed
		Ghost Hunt at the Waffles R Wild Alcove
		Witch Hat Ring Toss at the Native Treasures Alcove
	
	
	4:00pm-7:00pm:
	
		Free Trick-or-Treating throughout Downtown OWA | Participating businesses in Downtown OWA will be marked on their windows. **While supplies last**
		Characters Trick-or-Treat Stations throughout Downtown OWA
		Festive Marquee Light Photo Ops throughout Downtown OWA
	
	

Sunday, October 26th | Trick-or-Treating


	4:00pm-7:00pm:

	
		Free Trick-or-Treating throughout Downtown OWA | Participating businesses in Downtown OWA will be marked on their windows. **While supplies last**
		Kids Activities:
		
			DIY Trick-or-Treat Bag at the Sweet Tooth Flowerbed
			Ghost Hunt at the Waffles R Wild Alcove
			Creative Cruiser Pumpkin Decorating at the Splashpad
		
		
		Characters Trick-or-Treat Stations throughout Downtown OWA
		Festive Marquee Light Photo Ops throughout Downtown OWA
	
	
	6:00 pm: Island BOOvie Night: Double Double Toil and Trouble

Thursday, October 31st | Trick-or-Treating


	4:00pm-7:00pm:

	
		Free Trick-or-Treating throughout Downtown OWA | Participating businesses in Downtown OWA will be marked on their windows. **While supplies last**
		Kids Activities:
		
			DIY Trick-or-Treat Bag at the Sweet Tooth Flowerbed
			Ghost Hunt at the Waffles R Wild Alcove
			Witch Hat Ring Toss at the Natie Treasures Alcove
		
		
		Live DJ music at the Splashpad
		Characters Trick-or-Treat Stations throughout Downtown OWA
		Festive Marquee Light Photo Ops throughout Downtown OWA",e.2644.39474,,e.2644.39474,1.0,
Arts & Crafts On The Dock,2025-10-18T14:00:00+00:00,2025-10-18T19:00:00+00:00,"Bill Dickson Park 3151 Fenceline Rd. Pensacola, FL 32507",https://business.perdidochamber.com/events/details/arts-crafts-on-the-dock-10-18-2025-39459,"Hello Everyone! Come out to join us for Arts & Crafts On The Dock, at Bill Dickson Park on October 18th 9a-2p! We met some really great folks during our September event and look forward to meeting more. Visit Whirl Pop on Facebook or interested vendors can call/text us at 850-503-9599. See you on the dock!",e.2644.39459,,e.2644.39459,1.0,1.0
Boo at the Zoo,2025-10-18T14:00:00+00:00,2025-10-18T17:00:00+00:00,"Alabama Gulf Coast Zoo 20499 Oak Road East Gulf Shores, AL 36542",https://business.perdidochamber.com/events/details/boo-at-the-zoo-39482,"Celebrate Halloween with the animals at your local non-profit Alabama Gulf Coast Zoo.



BOO at the ZOO 

Saturday, October 18, 2025

9:00 am - 12:00 pm 



A day full of scare-free fun, trick or treating, activities, and meet and greets with your favorite animal ambassadors.

Presented by Crye Leike Gulf Coast Real Estate

PRICING/TICKETS:

Boo at the Zoo is INCLUDED with regular Zoo admission! Purchase tickets here or at the door on the day of the event. 

Zoo Admission: Adults (age 13-61) $23.95, Senior (62+)/Military $20.95, Child (age 3-12) $15.95.

Zoo Members and children 2 years and younger are FREE! Membership cards must be shown at the entrance.

Not a Zoo Member? Don't miss out on special discounts. Join Today and Save!

All proceeds benefit the animals and programs of the Alabama Gulf Coast Zoo. 



Need to Know Information:

	Animal Encounters will be closed during the event.
	Bring your own treat bags.
	Dress in your best costumes for a chance to win a Golden Ticket to redeem for a prize in the gift shop.",e.2644.39482,,e.2644.39482,1.0,
Perdido Key Witches & Werewolves Halloween Bar Crawl,2025-10-18T16:00:00+00:00,2025-10-18T22:00:00+00:00,"Bushwackers Landing Extra LOT 13515 Canal Dr, Pensacola, FL 32507",https://business.perdidochamber.com/events/details/perdido-key-witches-werewolves-halloween-bar-crawl-39483,"????? Witches & Werewolves Unite! ?????



Hop on a luxury Party Shuttle and celebrate Halloween in a whole new way! Dress as your favorite witch or werewolf and enjoy a festive ride through Perdido Key's best restaurants   with tasty bites, sweet treats, and spooky games along the way.

All the fun supports a great cause: raising funds for Feeding the Gulf Coast Free Food Distribution in our community!



? Spots are limited   reserve your seat for a hauntingly good time! ?



??? TICKETS ARE NOW RELEASED! ???



?? Saturday, October 18

?? $30 | 60 People Max

?? Arrive at 11:00 AM

?? Start & Stop Location: Bushwhackers Landing Extra Lot



???? DRESS CODE:

Witch ?? ?? or Werewolf ??



?? CASH 4 GAMES:

$1 for Scratch Offs ???

50/50 Raffle - $5 single ticket ??? $20 for 5

Selfie Group Challenge - FREE



?? SPONSORS:

?? Freeman Roofing

?? Hummer4Hire

?? Team Trivia of Pensacola

?? Beach Buzz Restaurant

?? Cobalt Restaurant

?? Lillian's Pizza

?? Sunset Grille

?? Bushwhacker's Landing

?? AnnaMarie Photography



???? ???? BAR CRAWL SCHEDULE ???? ????



??? 11:00 AM - Park at Bushwhacker's Landing Side Lot

1?? 11:00 12:00 PM   Bushwhackers Landing

? Check-In & Welcome

??? Bites & ?? Brews

?? Halloween Music Bingo



?? 12:00 12:15 PM   Travel to Cobalt

2?? 12:15 1:15 PM   Cobalt Restaurant

?? Costume Contest: ?? ?? Best Witch & ?? Best Werewolf

?? Bites & ?? Drink Specials



?? 1:15 1:30 PM   Travel to Lillian's Pizza

3?? 1:30 2:30 PM   Lillian's Pizza

?? Halloween Feud



?? 2:30 2:40 PM   Travel to Sunset Grille

4?? 2:40 3:45 PM   Sunset Grille

??? Scratch Offs

?? Games



?? 3:45 4:00 PM   Travel to Beach Buzz

5?? 4:00 5:00 PM   Beach Buzz Restaurant

?? Bites & ?? Brews

?? Games



?? 5:05 5:10 PM   Return to Bushwhackers

6?? 5:10 PM   Bushwhackers Afterparty

?? Live Music

?? Celebrate the Crawl!

??? 50/50 RAFFLE WINNER

?? Half donated to the Musician Medical Fund Fundraiser at The Point Restaurant

??????????????????



?? ???? JOIN THE MAGIC!

Be part of the PKWWHP (Perdido Key Witches & Werewolves Halloween Paddle) event!

?? Proceeds benefit our very own 10k pound Feeding the Gulf Coast free food distribution drive-thru

?? Food Drive-Thru: Date TBD at Moonshine Saloon

? SIGN UP TODAY!

?? Shuttle seats are first-come, first-served

?? Everyone must sign a waiver

?? No Drinking & Driving afterwards!

?? Hashtags

#5pkwwhp #halloweenpensacola #witches #barcrawl

#halloweenperdidokeyfl

#kayakflorida #keygulls #lostkeykrewe See less",e.2644.39483,,e.2644.39483,1.0,0.0
HalGLOWeen Party & Drone Show,2025-10-18T19:00:00+00:00,2025-10-19T02:00:00+00:00,Downtown OWA,https://business.perdidochamber.com/events/details/halgloween-party-drone-show-39479,"Halloween gets a glowing twist at HalGLOWeen in Downtown OWA on October 18th! Families can enjoy free festive activities during the day, including a bubble glow party, before the fun continues on OWA Island with live entertainment like the musical production of Monsters Got Talent.



For the grand finale, watch the sky come alive during our never-before-seen Halloween Drone Show! This aerial display will fill the sky with stunning light formations and festive designs, creating a unique experience for guests of all ages.



It's spooky, it's glowing, and a brand-new way to celebrate HalGLOWeen in Downtown OWA, check out all the details: https://visitowa.com/halgloween-drone-show/.

 

Schedule of Events:

2:00pm-6:00pm: DJ Partick at the Splashpad

6:00pm   7:30pm: LED Stilt Walker roaming Downtown OWA

All day: Glow-in-the Dark Mini Golf on OWA Island

6:00pm - 8:30pm:

	Glow-In-The-Dark Facepainting at the Splashpad provided by Artlink Studios
	Glow-in-the-Dark Photo Op at the Splash pad
	Bubble Truck Glow Party at the Waffles R Wild Alcove
	Glow-in-the Dark Pumpkin Craft at the Native Treasures Alcove

6:00pm-8:30pm: Musical production of Monsters Got Talent by Seward Studios on the OWA Island Stage

6:30pm-8:00pm: Live Music by the Skeleton Band on the OWA Island Stage

8:30pm-9:00pm: ALL NEW Halloween Drone Show",e.2644.39479,,e.2644.39479,1.0,1.0
Halloween at OWA,2025-10-19,2025-10-20,Downtown OWA,https://business.perdidochamber.com/events/details/halloween-at-owa-10-19-2025-39475,"Find frightful fun in Downtown OWA for a Halloween season full of candy, costumes, and more! Starting October 11th, join us on Saturdays and Sundays as Downtown OWA transforms into a spooktacular destination filled with thrilling events for all ages.



From an ALL-NEW Drone Show at HalGLOWeen to four-legged fun at Howl-O-Ween, there's something new to experience each week! Kids can enjoy trick-or-treating on select dates, while families and friends can gather for events like Monster Bash and Island BOOvie Nights.



Check out all the details: https://visitowa.com/halloween-at-owa/.



Save the dates below for a Halloween celebration that will leave you screaming for more!

 

Schedule of Events

Saturday, October 11th

	2:00pm-8:00pm:
	
		Howl-o-ween | Check out the details here: https://visitowa.com/halloween-at-owa/.
		Kids Activities:
		
			Pumpkin Tic-Tac-Toe at the Splashpad
			Broom Stick Racing at the Waffles R Wild Alcove
			Witch Hat Ring Toss at the Native Treasures Alcove
		
		
	
	
	4:00pm-7:00pm: Festive Marquee Light Photo Ops throughout Downtown OWA

Sunday, October 12th


	4:00pm-7:00pm: 

	
		Kids Activities:
		
			Pumpkin Tic-Tac-Toe at the Splashpad
			Broom Stick Racing at the Waffles R Wild Alcove
			Witch Hat Ring Toss at the Native Treasures Alcove
		
		
		Festive Marquee Light Photo Ops throughout Downtown OWA
	
	
	6:00 pm: Island BOOvie Night: Halloweentown

Saturday, October 18th


	2:00pm-6:00pm: 

	
		Kids Activities:
		
			Pumpkin Tic-Tac-Toe at the Splashpad
			Broom Stick Racing at the Waffles R Wild Alcove
			Witch Hat Ring Toss at the Native Treasures Alcove
		
		
		Live DJ music at the Splashpad
	
	
	2:00pm-9:00pm: Festive Marquee Light Photo Ops throughout Downtown OWA
	6:00pm-9:00pm: HalGLOWeen & Drone Show in Downtown OWA | Check out the details here: https://visitowa.com/halgloween-drone-show/.

Sunday, October 19th


	4:00pm-7:00pm: 

	
		Kids Activities:
		
			Pumpkin Tic-Tac-Toe at the Splashpad
			Ghost Hunt at the Waffles R Wild Alcove
			Witch Hat Ring Toss at the Native Treasures Alcove
		
		
		Festive Marquee Light Photo Ops throughout Downtown OWA
	
	
	6:00 pm: Island BOOvie Night: Hocus Pocus

Saturday, October 25th | Trick-or-Treating


	11:00 am-9:00 pm: Monster Bash in Downtown OWA | Check out the details here: https://visitowa.com/monster-bash/.
	1:00pm-9:00pm: Kids Activities:
	
		DIY Trick-or-Treat Bag at the Sweet Tooth Flowerbed
		Ghost Hunt at the Waffles R Wild Alcove
		Witch Hat Ring Toss at the Native Treasures Alcove
	
	
	4:00pm-7:00pm:
	
		Free Trick-or-Treating throughout Downtown OWA | Participating businesses in Downtown OWA will be marked on their windows. **While supplies last**
		Characters Trick-or-Treat Stations throughout Downtown OWA
		Festive Marquee Light Photo Ops throughout Downtown OWA
	
	

Sunday, October 26th | Trick-or-Treating


	4:00pm-7:00pm:

	
		Free Trick-or-Treating throughout Downtown OWA | Participating businesses in Downtown OWA will be marked on their windows. **While supplies last**
		Kids Activities:
		
			DIY Trick-or-Treat Bag at the Sweet Tooth Flowerbed
			Ghost Hunt at the Waffles R Wild Alcove
			Creative Cruiser Pumpkin Decorating at the Splashpad
		
		
		Characters Trick-or-Treat Stations throughout Downtown OWA
		Festive Marquee Light Photo Ops throughout Downtown OWA
	
	
	6:00 pm: Island BOOvie Night: Double Double Toil and Trouble

Thursday, October 31st | Trick-or-Treating


	4:00pm-7:00pm:

	
		Free Trick-or-Treating throughout Downtown OWA | Participating businesses in Downtown OWA will be marked on their windows. **While supplies last**
		Kids Activities:
		
			DIY Trick-or-Treat Bag at the Sweet Tooth Flowerbed
			Ghost Hunt at the Waffles R Wild Alcove
			Witch Hat Ring Toss at the Natie Treasures Alcove
		
		
		Live DJ music at the Splashpad
		Characters Trick-or-Treat Stations throughout Downtown OWA
		Festive Marquee Light Photo Ops throughout Downtown OWA",e.2644.39475,,e.2644.39475,1.0,
Save Underdogs 9th Annual Golf Tournament,2025-10-20,2025-10-21,"Perdido Bay Golf Club 1 Doug Ford Drive, Pensacola, FL 32507",https://business.perdidochamber.com/events/details/save-underdogs-9th-annual-golf-tournament-39412,"The 9th Annual Save Underdogs golf tournament is October 20th, 2025 at Perdido Bay Golf Club.   Shotgun start at 11:00am.

$125 Per Player/ $500 Per Team   ENTRY FEE INCLUDES: 2 Mulligans, Breakfast Sandwiches, Green Fees, (1) Hole In One entry per player, Food & Beverages at most Holes, Cart Fees & Range Balls, Winners Baskets and the Tournament Winning Team Name added to the Winner Plaque, which is displayed at the Perdido Key Sports Bar & Restaurant.

The proceeds will allow us to continue to Rescue, Rehabilitate & Rehome. Visit WWW.SAVEUNDERDOGS.COM for information about our wonderful rescue group, dogs available for adoption or becoming a foster.",e.2644.39412,,e.2644.39412,0.0,1.0
Music Bingo at Lillian's Pizza,2025-10-21T00:00:00+00:00,2025-10-21T02:00:00+00:00,"Lillian's Pizza 14514 Perdido Key Drive, Pensacola 32507 850-492-0131",https://business.perdidochamber.com/events/details/music-bingo-at-lillian-s-pizza-10-20-2025-39366,"Kick off your weekend early with Music Bingo by Team Trivia every Monday at Lillian's Pizza! We'll be spinning hits from the 60s to the 2000s covering all your favorite genres. It's FREE to play, and we've got prizes for every winner! Come early, grab some dinner or drinks, and enjoy a fun night of music and good vibes. We start at 7 PM see you there!",e.2644.39366,,e.2644.39366,1.0,1.0
Team Trivia at Perdido Key Sports Bar,2025-10-22T00:00:00+00:00,2025-10-22T02:00:00+00:00,"Perdido Key Sports Bar & Restaurant 13583 Perdido Key Drive, Pensacola 32507",https://business.perdidochamber.com/events/details/team-trivia-at-perdido-key-sports-bar-10-21-2025-39124,"Think you have what it takes to be crowned the trivia master? Join us for Team Trivia every Tuesday at Perdido Key Sports Bar! It's FREE to play, and there are great prizes for the top 3 winning teams. Come early, grab dinner or drinks, and enjoy a fun evening with friends. We start at 7 PM see you there!",e.2644.39124,,e.2644.39124,1.0,1.0
Business Development Committee,2025-10-22T13:30:00+00:00,2025-10-22T14:30:00+00:00,"PKACC 15500 Perdido Key Dr. Pensacola, FL 32507",https://business.perdidochamber.com/events/details/business-development-committee-10-15-2025-34279,"The Business Development Committee works in partnership with our local leadership, public entities, and nonprofits to support the community as a whole. This group advocates for the vitality of the local business, focuses on preserving the quality of life, and campaigns for safety on the Key in order to promote community development and provide an environment where business can thrive.



Chair - Allen Bizzell - Holiday Harbor Marina & Sunset Grille

Staff contact:  Tammy Thurow",e.2644.34279,,e.2644.34279,0.0,0.0
"Florida SBDC at UWF Presents ""A Roadmap to Small Business Funding""",2025-10-22T14:00:00+00:00,2025-10-22T15:00:00+00:00,"Please note, this is a virtual event. We'll see you online!",https://business.perdidochamber.com/events/details/florida-sbdc-at-uwf-presents-a-roadmap-to-small-business-funding-10-22-2025-39465,"Join us for ""A Roadmap to Small Business Funding"" and take the first step towards securing the financial foundation your business needs to thrive. Whether you're a seasoned entrepreneur or just starting your journey, this workshop provides actionable insights that will propel your business towards success. Don't miss this opportunity to map out your path to small business funding excellence!

Featured Speakers:

Kelly Massey, Florida SBDC at UWF

Marsha Asbury-Turner, First Capital Finance & Florida First Capital Finance Corporation

Lyndsey Blanks, Hancock Whitney

Please note, this is a virtual event. We'll see you online!",e.2644.39465,,e.2644.39465,0.0,1.0
Team Trivia at Lillian's Pizza,2025-10-23T00:00:00+00:00,2025-10-23T02:00:00+00:00,"Lillian's Pizza 14514 Perdido Key Drive, Pensacola 32507 850-492-0131",https://business.perdidochamber.com/events/details/team-trivia-at-lillian-s-pizza-10-22-2025-39388,"Think you have what it takes to be crowned the trivia master? Join us for Team Trivia every Wednesday at Lillian's Pizza! It's FREE to play, and there are great prizes for the top 3 winning teams. Come early, grab dinner or drinks, and enjoy a fun evening with friends. We start at 7 PM see you there!",e.2644.39388,,e.2644.39388,1.0,1.0
2025 October Networking Luncheon,2025-10-23T16:30:00+00:00,2025-10-23T18:00:00+00:00,The Crab Trap 16495 Perdido Key Drive,https://business.perdidochamber.com/events/details/2025-october-networking-luncheon-39460,"Join the Perdido Key Area Chamber of Commerce for a Networking Lunch

 
Join us as a Chamber member or a prospective member to network with business professionals in the Perdido Key Area.  Make sure to bring plenty of business cards.  Each attendee will have an opportunity to introduce themselves and give a brief statement about their business. Each month an attendee will be drawn to speak for extended time about their business at our next event. 



This month's luncheon will be held at: 

The Crab Trap

16495 Perdido Key Drive



This month's speaker:

Celeste Bell, Independent MaryKay Sales Director



The lunch is free to attend however, each person will be responsible for the payment of their own meal. 



Registration is required. Please be courteous and use the RSVP button to register so our host venue can plan accordingly. If you do not register before the event and walk up, you are not guaranteed a seat at the event.",e.2644.39460,,e.2644.39460,0.0,0.0
Music Bingo at Perdido Key Sports Bar,2025-10-24T00:00:00+00:00,2025-10-24T02:00:00+00:00,Perdido Key Sports Bar & Restaurant,https://business.perdidochamber.com/events/details/music-bingo-at-perdido-key-sports-bar-10-23-2025-39345,"Kick off your weekend early with Music Bingo by Team Trivia every Thursday at Perdido Key Sports Bar! We'll be spinning hits from the 60s to the 2000s covering all your favorite genres. It's FREE to play, and we've got prizes for every winner! Come early, grab some dinner or drinks, and enjoy a fun night of music and good vibes. We start at 7 PM see you there!",e.2644.39345,,e.2644.39345,1.0,1.0
"Florida SBDC at UWF Presents ""Google AI University""",2025-10-24T16:30:00+00:00,2025-10-24T18:00:00+00:00,"Greater Pensacola Chamber of Commerce 418 W Garden St, CO:LAB Bldg, 4th flr Pensacola, FL 32501",https://business.perdidochamber.com/events/details/florida-sbdc-at-uwf-presents-google-ai-university-39462,"Are you a small business owner looking to get ahead in the digital age? Artificial Intelligence (AI) is no longer just a futuristic concept it's a powerful tool that can streamline your operations, enhance customer engagement, and drive growth right now.

Join us for Google AI University, a special workshop designed specifically for small business owners, funded in part by Google, and delivered by an ASBDC AI certified trainer. This is your opportunity to understand the foundational concepts of AI and learn practical, actionable ways to implement it into your business today.

 

What You'll Learn:


	AI Explained: Get a clear, jargon-free overview of what AI is and how it's currently being used by businesses of all sizes.
	Practical Business Applications: Discover specific, accessible ways AI can immediately impact your daily operations, including:
	
		Saving Time on administrative tasks with AI-powered tools.
		Creating High-Quality Content (emails, social media posts, blog drafts) faster than ever before.
		Improving Customer Service and personalizing interactions.
		Analyzing Data to make smarter business decisions.
	
	
	Actionable Next Steps: Walk away with a clear roadmap for adopting AI responsibly and making your first smart AI investments.",e.2644.39462,,e.2644.39462,0.0,1.0
Halloween at OWA,2025-10-25,2025-10-26,Downtown OWA,https://business.perdidochamber.com/events/details/halloween-at-owa-10-25-2025-39476,"Find frightful fun in Downtown OWA for a Halloween season full of candy, costumes, and more! Starting October 11th, join us on Saturdays and Sundays as Downtown OWA transforms into a spooktacular destination filled with thrilling events for all ages.



From an ALL-NEW Drone Show at HalGLOWeen to four-legged fun at Howl-O-Ween, there's something new to experience each week! Kids can enjoy trick-or-treating on select dates, while families and friends can gather for events like Monster Bash and Island BOOvie Nights.



Check out all the details: https://visitowa.com/halloween-at-owa/.



Save the dates below for a Halloween celebration that will leave you screaming for more!

 

Schedule of Events

Saturday, October 11th

	2:00pm-8:00pm:
	
		Howl-o-ween | Check out the details here: https://visitowa.com/halloween-at-owa/.
		Kids Activities:
		
			Pumpkin Tic-Tac-Toe at the Splashpad
			Broom Stick Racing at the Waffles R Wild Alcove
			Witch Hat Ring Toss at the Native Treasures Alcove
		
		
	
	
	4:00pm-7:00pm: Festive Marquee Light Photo Ops throughout Downtown OWA

Sunday, October 12th


	4:00pm-7:00pm: 

	
		Kids Activities:
		
			Pumpkin Tic-Tac-Toe at the Splashpad
			Broom Stick Racing at the Waffles R Wild Alcove
			Witch Hat Ring Toss at the Native Treasures Alcove
		
		
		Festive Marquee Light Photo Ops throughout Downtown OWA
	
	
	6:00 pm: Island BOOvie Night: Halloweentown

Saturday, October 18th


	2:00pm-6:00pm: 

	
		Kids Activities:
		
			Pumpkin Tic-Tac-Toe at the Splashpad
			Broom Stick Racing at the Waffles R Wild Alcove
			Witch Hat Ring Toss at the Native Treasures Alcove
		
		
		Live DJ music at the Splashpad
	
	
	2:00pm-9:00pm: Festive Marquee Light Photo Ops throughout Downtown OWA
	6:00pm-9:00pm: HalGLOWeen & Drone Show in Downtown OWA | Check out the details here: https://visitowa.com/halgloween-drone-show/.

Sunday, October 19th


	4:00pm-7:00pm: 

	
		Kids Activities:
		
			Pumpkin Tic-Tac-Toe at the Splashpad
			Ghost Hunt at the Waffles R Wild Alcove
			Witch Hat Ring Toss at the Native Treasures Alcove
		
		
		Festive Marquee Light Photo Ops throughout Downtown OWA
	
	
	6:00 pm: Island BOOvie Night: Hocus Pocus

Saturday, October 25th | Trick-or-Treating


	11:00 am-9:00 pm: Monster Bash in Downtown OWA | Check out the details here: https://visitowa.com/monster-bash/.
	1:00pm-9:00pm: Kids Activities:
	
		DIY Trick-or-Treat Bag at the Sweet Tooth Flowerbed
		Ghost Hunt at the Waffles R Wild Alcove
		Witch Hat Ring Toss at the Native Treasures Alcove
	
	
	4:00pm-7:00pm:
	
		Free Trick-or-Treating throughout Downtown OWA | Participating businesses in Downtown OWA will be marked on their windows. **While supplies last**
		Characters Trick-or-Treat Stations throughout Downtown OWA
		Festive Marquee Light Photo Ops throughout Downtown OWA
	
	

Sunday, October 26th | Trick-or-Treating


	4:00pm-7:00pm:

	
		Free Trick-or-Treating throughout Downtown OWA | Participating businesses in Downtown OWA will be marked on their windows. **While supplies last**
		Kids Activities:
		
			DIY Trick-or-Treat Bag at the Sweet Tooth Flowerbed
			Ghost Hunt at the Waffles R Wild Alcove
			Creative Cruiser Pumpkin Decorating at the Splashpad
		
		
		Characters Trick-or-Treat Stations throughout Downtown OWA
		Festive Marquee Light Photo Ops throughout Downtown OWA
	
	
	6:00 pm: Island BOOvie Night: Double Double Toil and Trouble

Thursday, October 31st | Trick-or-Treating


	4:00pm-7:00pm:

	
		Free Trick-or-Treating throughout Downtown OWA | Participating businesses in Downtown OWA will be marked on their windows. **While supplies last**
		Kids Activities:
		
			DIY Trick-or-Treat Bag at the Sweet Tooth Flowerbed
			Ghost Hunt at the Waffles R Wild Alcove
			Witch Hat Ring Toss at the Natie Treasures Alcove
		
		
		Live DJ music at the Splashpad
		Characters Trick-or-Treat Stations throughout Downtown OWA
		Festive Marquee Light Photo Ops throughout Downtown OWA",e.2644.39476,,e.2644.39476,1.0,
Sunset Grille Dog Walk 2025,2025-10-25T20:00:00+00:00,2025-10-25T22:00:00+00:00,"Sunset Grille 14050 Canal A Way Drive, Pensacola, FL 32507",https://business.perdidochamber.com/events/details/sunset-grille-dog-walk-2025-39478,"Bring your furry friend to Sunset Grille in Perdido Key, Florida for their Annual Dog Walk!

For a casual one-mile walk starting at Sunset Grille, walking down scenic Old River Road, and finishing at the dog park on River Road (along the Intracoastal Waterway).

After the walk, stick around for a pet costume contest, live festivities, and the perfect ending to the day watching the sunset from your table at the Grille.

100% of proceeds benefit Save Underdogs, a local Perdido Key rescue and adoption organization dedicated to helping dogs find loving homes.",e.2644.39478,,e.2644.39478,1.0,1.0
Halloween at OWA,2025-10-26,2025-10-27,Downtown OWA,https://business.perdidochamber.com/events/details/halloween-at-owa-10-26-2025-39477,"Find frightful fun in Downtown OWA for a Halloween season full of candy, costumes, and more! Starting October 11th, join us on Saturdays and Sundays as Downtown OWA transforms into a spooktacular destination filled with thrilling events for all ages.



From an ALL-NEW Drone Show at HalGLOWeen to four-legged fun at Howl-O-Ween, there's something new to experience each week! Kids can enjoy trick-or-treating on select dates, while families and friends can gather for events like Monster Bash and Island BOOvie Nights.



Check out all the details: https://visitowa.com/halloween-at-owa/.



Save the dates below for a Halloween celebration that will leave you screaming for more!

 

Schedule of Events

Saturday, October 11th

	2:00pm-8:00pm:
	
		Howl-o-ween | Check out the details here: https://visitowa.com/halloween-at-owa/.
		Kids Activities:
		
			Pumpkin Tic-Tac-Toe at the Splashpad
			Broom Stick Racing at the Waffles R Wild Alcove
			Witch Hat Ring Toss at the Native Treasures Alcove
		
		
	
	
	4:00pm-7:00pm: Festive Marquee Light Photo Ops throughout Downtown OWA

Sunday, October 12th


	4:00pm-7:00pm: 

	
		Kids Activities:
		
			Pumpkin Tic-Tac-Toe at the Splashpad
			Broom Stick Racing at the Waffles R Wild Alcove
			Witch Hat Ring Toss at the Native Treasures Alcove
		
		
		Festive Marquee Light Photo Ops throughout Downtown OWA
	
	
	6:00 pm: Island BOOvie Night: Halloweentown

Saturday, October 18th


	2:00pm-6:00pm: 

	
		Kids Activities:
		
			Pumpkin Tic-Tac-Toe at the Splashpad
			Broom Stick Racing at the Waffles R Wild Alcove
			Witch Hat Ring Toss at the Native Treasures Alcove
		
		
		Live DJ music at the Splashpad
	
	
	2:00pm-9:00pm: Festive Marquee Light Photo Ops throughout Downtown OWA
	6:00pm-9:00pm: HalGLOWeen & Drone Show in Downtown OWA | Check out the details here: https://visitowa.com/halgloween-drone-show/.

Sunday, October 19th


	4:00pm-7:00pm: 

	
		Kids Activities:
		
			Pumpkin Tic-Tac-Toe at the Splashpad
			Ghost Hunt at the Waffles R Wild Alcove
			Witch Hat Ring Toss at the Native Treasures Alcove
		
		
		Festive Marquee Light Photo Ops throughout Downtown OWA
	
	
	6:00 pm: Island BOOvie Night: Hocus Pocus

Saturday, October 25th | Trick-or-Treating


	11:00 am-9:00 pm: Monster Bash in Downtown OWA | Check out the details here: https://visitowa.com/monster-bash/.
	1:00pm-9:00pm: Kids Activities:
	
		DIY Trick-or-Treat Bag at the Sweet Tooth Flowerbed
		Ghost Hunt at the Waffles R Wild Alcove
		Witch Hat Ring Toss at the Native Treasures Alcove
	
	
	4:00pm-7:00pm:
	
		Free Trick-or-Treating throughout Downtown OWA | Participating businesses in Downtown OWA will be marked on their windows. **While supplies last**
		Characters Trick-or-Treat Stations throughout Downtown OWA
		Festive Marquee Light Photo Ops throughout Downtown OWA
	
	

Sunday, October 26th | Trick-or-Treating


	4:00pm-7:00pm:

	
		Free Trick-or-Treating throughout Downtown OWA | Participating businesses in Downtown OWA will be marked on their windows. **While supplies last**
		Kids Activities:
		
			DIY Trick-or-Treat Bag at the Sweet Tooth Flowerbed
			Ghost Hunt at the Waffles R Wild Alcove
			Creative Cruiser Pumpkin Decorating at the Splashpad
		
		
		Characters Trick-or-Treat Stations throughout Downtown OWA
		Festive Marquee Light Photo Ops throughout Downtown OWA
	
	
	6:00 pm: Island BOOvie Night: Double Double Toil and Trouble

Thursday, October 31st | Trick-or-Treating


	4:00pm-7:00pm:

	
		Free Trick-or-Treating throughout Downtown OWA | Participating businesses in Downtown OWA will be marked on their windows. **While supplies last**
		Kids Activities:
		
			DIY Trick-or-Treat Bag at the Sweet Tooth Flowerbed
			Ghost Hunt at the Waffles R Wild Alcove
			Witch Hat Ring Toss at the Natie Treasures Alcove
		
		
		Live DJ music at the Splashpad
		Characters Trick-or-Treat Stations throughout Downtown OWA
		Festive Marquee Light Photo Ops throughout Downtown OWA",e.2644.39477,,e.2644.39477,1.0,
5th Annual Perdido Key Witches & Werewolves Halloween Paddle Ride,2025-10-26T16:30:00+00:00,2025-10-26T23:00:00+00:00,"Galvez Landing- Innerarity Point, Perdido Key, Florida",https://business.perdidochamber.com/events/details/5th-annual-perdido-key-witches-werewolves-halloween-paddle-ride-39405,"Save the Date, Spooky Paddlers! ?? ???? ??

The most exciting recreational community fundraising event on the Key is back!

Join us for the 5th Annual Witches & Werewolves Halloween Paddle Ride & Bar Crawl   a wickedly fun paddle route turned Halloween tradition in Perdido Key!

 


	When: Sunday, October 26 @ 12:00 PM
	Where: Galvez Landing, Perdido Key
	Who: 21+
	Why: Feeding the Gulf Coast Fundraiser
	How Much: $25
	Costume Contest: Dress to impress (or distress!)+ badass local Prizes
	Jam to local live music with us on the exclusive Spell Isle!


Chills, thrills & paddling spills! Grab your broomsticks, capes, and claws whether you're casting spells or howling at the sun, or playing in our games, this eerie adventure on the water is one you won't want to miss!

The Head Witches are gathering all of the ingredients for a WICKEDLY awesome party!! More details brewing soon  stay tuned & follow us on Facebook for detailed info, if you dare!",e.2644.39405,,e.2644.39405,1.0,1.0
Trunk or Treat,2025-10-26T21:00:00+00:00,2025-10-27T00:00:00+00:00,1350 S. Blue Angel Parkway,https://business.perdidochamber.com/events/details/trunk-or-treat-39485,"???? You're Invited to Trunk or Treat at Green Line Arms! ???? Get ready for a night of candy, costumes, and community fun! This year we're teaming up with some amazing partners to make it bigger and better than ever: ?? Green Line Arms   hosting the event + opening our Virtual Range with a Pumpkin Shooter Challenge and Zombie Survival Game! ?? Coastal Pop   mixing up spooky specialty sodas & Halloween treats! ?? Big Moose BBQ   serving up delicious food hot off the smoker! ??? Vet Cola Foundation   sharing their mission while supporting our local military families. ? Plus: Trunk-to-trunk trick-or-treating, games for kids of all ages, and lots more spooky surprises to come! ?? 26 October - 4-7pm ?? Green Line Arms   1350 S. Blue Angel Parkway ??? FREE | Open to ALL families (with a special salute to our military and first responder community) Grab your costumes, bring the kids, and join us for a safe & festive Halloween night! ??????",e.2644.39485,,e.2644.39485,1.0,1.0
"2025 Red, White, and Birdies Golf Scramble",2025-10-27T15:00:00+00:00,2025-10-27T20:00:00+00:00,"A.C. Read Golf Course Naval Air Station Pensacola 1313 Duncan Road Pensacola, FL",https://business.perdidochamber.com/events/details/2025-red-white-and-birdies-golf-scramble-38249,"Tee up for a great cause at the 2025 Red, White, and Birdies Golf Scramble, Presented by Printing Pros, a premier fundraising event supporting our military programs and initiatives through the Perdido Key Area Chamber's Military Appreciation Committee. 



Join the Perdido Key Area Chamber of Commerce on Monday, October 27th, at 10am for an afternoon of camaraderie and competition at the beautiful A.C. Read Golf Course on Naval Air Station, Pensacola. Enjoy a day on the greens while contributing to initiatives that benefit our local military community.



EVENT DETAILS: 

Location: A.C. Read Golf Course, NAS Pensacola, 1313 Duncan Road, Pensacola, FL

Date: Monday, October 27th

Time: Shotgun start at 10:00 a.m. (Lunch served at the turn)



Important Information: To gain access to A.C. Read Golf Course, all participants who do not have a military I.D. must complete the 5512 Security Form. Please download the form and complete and send it to Madelyn Bell, membership@perdidochamber.com by October 10th. Click here for the 5512 Security form.



PRICING: 


	Teams:

	
		Perdido Chamber Member Team: $500
		Military Team with I.D.: $400
		Non-Member Team: $600
	
	



	Individuals:

	
		Perdido Chamber Member Golfer: $125
		Military Golfer with I.D.: $100
		Non-Member Golfer: $150
	
	


For those looking to enhance their participation, a variety of sponsorship opportunities are available. Click here for sponsorship information.



Don't miss out on this chance to support a worthy cause while enjoying a day of golf with friends and colleagues. Sign up today!",e.2644.38249,,e.2644.38249,0.0,0.0
Music Bingo at Lillian's Pizza,2025-10-28T00:00:00+00:00,2025-10-28T02:00:00+00:00,"Lillian's Pizza 14514 Perdido Key Drive, Pensacola 32507 850-492-0131",https://business.perdidochamber.com/events/details/music-bingo-at-lillian-s-pizza-10-27-2025-39367,"Kick off your weekend early with Music Bingo by Team Trivia every Monday at Lillian's Pizza! We'll be spinning hits from the 60s to the 2000s covering all your favorite genres. It's FREE to play, and we've got prizes for every winner! Come early, grab some dinner or drinks, and enjoy a fun night of music and good vibes. We start at 7 PM see you there!",e.2644.39367,,e.2644.39367,1.0,1.0
Team Trivia at Perdido Key Sports Bar,2025-10-29T00:00:00+00:00,2025-10-29T02:00:00+00:00,"Perdido Key Sports Bar & Restaurant 13583 Perdido Key Drive, Pensacola 32507",https://business.perdidochamber.com/events/details/team-trivia-at-perdido-key-sports-bar-10-28-2025-39125,"Think you have what it takes to be crowned the trivia master? Join us for Team Trivia every Tuesday at Perdido Key Sports Bar! It's FREE to play, and there are great prizes for the top 3 winning teams. Come early, grab dinner or drinks, and enjoy a fun evening with friends. We start at 7 PM see you there!",e.2644.39125,,e.2644.39125,1.0,1.0
Women Mean Business Sunset Sail 2025,2025-10-29T21:45:00+00:00,2025-10-29T23:45:00+00:00,"WILD HEARTS is located in Orange Beach, Alabama directly across the street from Perdido Beach Resort 27101 Perdido Beach Blvd. (Hwy 182) We are docked on the north side of the highway on Cotton Bayou directly across the street from the Perdido Beach Resort. Just look for the signs directing you to the parking area and look for the tall mast on our bright yellow catamaran.",https://business.perdidochamber.com/events/details/women-mean-business-sunset-sail-2025-39457,"Presented by Sail Wild Hearts & Women Mean Business 

Ladies, let's sail into the sunset together! Join us on Wednesday, October 29th from 4:45 6:45 PM for an exclusive evening aboard Wild Hearts, a 53-ft. sailing catamaran. With room for 49 guests, it's the perfect way to unwind, connect, and enjoy breathtaking Gulf views with fellow Perdido Chamber ladies.



The sail is generously donated by Sail Wild Hearts. Ticket fees help cover refreshments and gratuity for their incredible crew!



Location: Sail Wild Hearts, 27101 Perdido Beach Blvd, Orange Beach (across from Perdido Beach Resort)

On Board: Light snacks will be provided. You're welcome to bring your favorite beverages and small cooler (no glass).

Tickets: $25 Chamber Members | $40 Non-Members

Deadline: Space is limited. Reserve your spot by October 22nd!



This is more than just a cruise it's an opportunity to relax, mingle, and share an unforgettable evening on the water with the Women Mean Business Committee. Secure your spot today and join us for sunset views, laughter, and great company!

 






*All ticket sales are final and tickets are non-refundable. The Perdido Key Area Chamber of Commerce will not be responsible for reselling tickets if you are unable to attend. 



*By attending this event, you consent to photography, video recording, and its/their release, publication, or reproduction to be used by the Perdido Key Area Chamber of Commerce for promotional purposes, including on social media, websites, and other marketing materials.",e.2644.39457,,e.2644.39457,1.0,0.0
Team Trivia at Lillian's Pizza,2025-10-30T00:00:00+00:00,2025-10-30T02:00:00+00:00,"Lillian's Pizza 14514 Perdido Key Drive, Pensacola 32507 850-492-0131",https://business.perdidochamber.com/events/details/team-trivia-at-lillian-s-pizza-10-29-2025-39389,"Think you have what it takes to be crowned the trivia master? Join us for Team Trivia every Wednesday at Lillian's Pizza! It's FREE to play, and there are great prizes for the top 3 winning teams. Come early, grab dinner or drinks, and enjoy a fun evening with friends. We start at 7 PM see you there!",e.2644.39389,,e.2644.39389,1.0,1.0
Music Bingo at Perdido Key Sports Bar,2025-10-31T00:00:00+00:00,2025-10-31T02:00:00+00:00,Perdido Key Sports Bar & Restaurant,https://business.perdidochamber.com/events/details/music-bingo-at-perdido-key-sports-bar-10-30-2025-39346,"Kick off your weekend early with Music Bingo by Team Trivia every Thursday at Perdido Key Sports Bar! We'll be spinning hits from the 60s to the 2000s covering all your favorite genres. It's FREE to play, and we've got prizes for every winner! Come early, grab some dinner or drinks, and enjoy a fun night of music and good vibes. We start at 7 PM see you there!",e.2644.39346,,e.2644.39346,1.0,1.0
Flora-Bama Halloween Costume Contest,2025-10-31,2025-11-01,"Flora-Bama Lounge Package & Oyster Bar 17401 Perdido Key Dr. Perdido Key, FL. 32507",https://business.perdidochamber.com/events/details/flora-bama-halloween-costume-contest-38846,"Come in your Halloween digs and get in FREE! We love a good excuse to dress up, so hop on your broom sticks and come in your most elaborate costume.  With cash prizes, tons of people come to join in the annual Halloween costume contest! Details on the event are below. 

1st Place - $600

2nd Place - $500

3rd Place - $400",e.2644.38846,,e.2644.38846,1.0,
